{
  "Benin": {
    "country": "Benin",
    "total_records": 517707,
    "date_range_days": 364,
    "avg_daily_solar_energy": 5.598698765938069,
    "max_daily_solar_energy": 7.289716666666666,
    "annual_solar_energy": 2049.1237483333334,
    "avg_daily_ghi": 236.14342711008396,
    "max_daily_ghi": 1232.0,
    "avg_dni": 167.14409134896766,
    "avg_dhi": 113.16675976952213,
    "avg_temperature": 28.145624069212897,
    "avg_humidity": 54.57729642442541,
    "avg_wind_speed": 2.065492836681752,
    "total_precipitation": 581.7,
    "rainy_days": 66,
    "solar_hours": 249095,
    "avg_daily_solar_hours": 680.5874316939891,
    "clear_sky_ratio": 0.6965973984314047,
    "clear_sky_days": 201,
    "dry_season_ghi": 242.94286966494317,
    "wet_season_ghi": 232.02131516294602,
    "solar_potential_score": 71.56517250974966
  },
  "Sierra Leone": {
    "country": "Sierra Leone",
    "total_records": 509053,
    "date_range_days": 364,
    "avg_daily_solar_energy": 4.339810150273224,
    "max_daily_solar_energy": 6.718255,
    "annual_solar_energy": 1588.370515,
    "avg_daily_ghi": 186.0518062822219,
    "max_daily_ghi": 1094.0,
    "avg_dni": 104.21023252981519,
    "avg_dhi": 110.50360119673199,
    "avg_temperature": 26.212833830662042,
    "avg_humidity": 79.75000049110801,
    "avg_wind_speed": 1.089577116724585,
    "total_precipitation": 2117.9999999999995,
    "rainy_days": 186,
    "solar_hours": 236556,
    "avg_daily_solar_hours": 646.327868852459,
    "clear_sky_ratio": 0.49701313335995395,
    "clear_sky_days": 145,
    "dry_season_ghi": 198.81266294884463,
    "wet_season_ghi": 175.5747056855529,
    "solar_potential_score": 64.33927363751202
  },
  "Togo": {
    "country": "Togo",
    "total_records": 516343,
    "date_range_days": 364,
    "avg_daily_solar_energy": 5.2910751366120214,
    "max_daily_solar_energy": 7.187811666666667,
    "annual_solar_energy": 1936.5335,
    "avg_daily_ghi": 223.8573896501041,
    "max_daily_ghi": 1196.0,
    "avg_dni": 147.96893634657584,
    "avg_dhi": 112.7772192128101,
    "avg_temperature": 27.72746875623374,
    "avg_humidity": 55.182568370250024,
    "avg_wind_speed": 2.3121672996438414,
    "total_precipitation": 491.4,
    "rainy_days": 96,
    "solar_hours": 247611,
    "avg_daily_solar_hours": 676.5327868852459,
    "clear_sky_ratio": 0.6909524252226585,
    "clear_sky_days": 184,
    "dry_season_ghi": 237.00411185616272,
    "wet_season_ghi": 213.1245248917707,
    "solar_potential_score": 70.636652173968
  }
}